{
  "20_2": {
    "27_0": [
      0.5314685314685315,
      0.7746478873239436,
      0.9605263157894737,
      0.8026315789473685,
      0.7631578947368421,
      0.7236842105263158
    ],
    "27_1": [
      0.5314685314685315,
      0.12,
      0.9605263157894737,
      0.8026315789473685,
      0.7631578947368421,
      0.039473684210526314
    ],
    "27_2": [
      0.5314685314685315,
      0.0,
      0.9605263157894737,
      0.8026315789473685,
      0.7631578947368421,
      0.0
    ],
    "27_3": [
      0.5314685314685315,
      0.0,
      0.9605263157894737,
      0.8026315789473685,
      0.7631578947368421,
      0.0
    ],
    "27_4": [
      0.5314685314685315,
      0,
      0.9605263157894737,
      0.8026315789473685,
      0.7631578947368421,
      0.0
    ]
  }
}