{
  "27_0": {
    "10_0": [
      0.5314685314685315,
      0.8846153846153846,
      0.9605263157894737,
      0.8026315789473685,
      0.7631578947368421,
      0.7236842105263158,
      0.6052631578947368
    ],
    "10_1": [
      0.5314685314685315,
      0.42105263157894735,
      0.9605263157894737,
      0.8026315789473685,
      0.7631578947368421,
      0.7236842105263158,
      0.10526315789473684
    ],
    "10_2": [
      0.5314685314685315,
      0.0,
      0.9605263157894737,
      0.8026315789473685,
      0.7631578947368421,
      0.7236842105263158,
      0.0
    ],
    "10_3": [
      0.5314685314685315,
      0,
      0.9605263157894737,
      0.8026315789473685,
      0.7631578947368421,
      0.7236842105263158,
      0.0
    ],
    "10_4": [
      0.5314685314685315,
      0,
      0.9605263157894737,
      0.8026315789473685,
      0.7631578947368421,
      0.7236842105263158,
      0.0
    ]
  }
}