{
  "17_0": {
    "16_0": [
      0.5034965034965035,
      0.803030303030303,
      0.7777777777777778,
      0.7361111111111112
    ],
    "16_1": [
      0.5034965034965035,
      0.1875,
      0.7777777777777778,
      0.041666666666666664
    ],
    "16_2": [
      0.5034965034965035,
      0.0,
      0.7777777777777778,
      0.0
    ],
    "16_3": [
      0.5034965034965035,
      0,
      0.7777777777777778,
      0.0
    ],
    "16_4": [
      0.5034965034965035,
      0,
      0.7777777777777778,
      0.0
    ]
  }
}