{
  "16_0": {
    "18_0": [
      0.4755244755244755,
      1.0,
      0.8088235294117647
    ],
    "18_1": [
      0.4755244755244755,
      1.0,
      0.16176470588235295
    ],
    "18_2": [
      0.4755244755244755,
      1.0,
      0.029411764705882353
    ],
    "18_3": [
      0.4755244755244755,
      0,
      0.0
    ],
    "18_4": [
      0.4755244755244755,
      0,
      0.0
    ]
  }
}