{
  "29_0": {
    "27_0": [
      0.6573426573426573,
      0.6578947368421053,
      0.7872340425531915,
      0.40425531914893614,
      0.26595744680851063
    ],
    "27_1": [
      0.6573426573426573,
      0.5294117647058824,
      0.7872340425531915,
      0.40425531914893614,
      0.09574468085106383
    ],
    "27_2": [
      0.6573426573426573,
      0.2727272727272727,
      0.7872340425531915,
      0.40425531914893614,
      0.031914893617021274
    ],
    "27_3": [
      0.6573426573426573,
      0.5,
      0.7872340425531915,
      0.40425531914893614,
      0.010638297872340425
    ],
    "27_4": [
      0.6573426573426573,
      0,
      0.7872340425531915,
      0.40425531914893614,
      0.0
    ]
  }
}