{
  "12_1": {
    "15_0": [
      0.5174825174825175,
      0,
      0.0
    ],
    "15_1": [
      0.5174825174825175,
      1.0,
      0.06756756756756757
    ],
    "15_2": [
      0.5174825174825175,
      1.0,
      0.8783783783783784
    ],
    "15_3": [
      0.5174825174825175,
      1.0,
      0.05405405405405406
    ],
    "15_4": [
      0.5174825174825175,
      0,
      0.0
    ]
  }
}