{
  "29_0": {
    "9_0": [
      0.4755244755244755,
      1.0,
      0.2647058823529412
    ],
    "9_1": [
      0.4755244755244755,
      1.0,
      0.27941176470588236
    ],
    "9_2": [
      0.4755244755244755,
      1.0,
      0.27941176470588236
    ],
    "9_3": [
      0.4755244755244755,
      1.0,
      0.11764705882352941
    ],
    "9_4": [
      0.4755244755244755,
      1.0,
      0.058823529411764705
    ]
  }
}