{
  "4_0": 0.7794117647058824,
  "5_0": 0.5294117647058824,
  "6_0": 0.8970588235294118,
  "7_1": 0.16176470588235295,
  "8_0": 0.7647058823529411,
  "9_0": 0.5294117647058824,
  "10_0": 0.7794117647058824,
  "12_1": 0.6911764705882353,
  "14_1": 0.058823529411764705,
  "15_1": 0.029411764705882353,
  "16_0": -1,
  "17_0": 0.9705882352941176,
  "18_0": 0.8088235294117647,
  "19_0": 0.7205882352941176,
  "20_2": 0.9705882352941176,
  "21_0": 1.0,
  "22_1": 0.029411764705882353,
  "23_1": 0.058823529411764705,
  "24_2": 0.6764705882352942,
  "25_1": 0.8088235294117647,
  "26_0": 0.8823529411764706,
  "27_0": 0.9411764705882353,
  "28_3": 0.6470588235294118,
  "29_0": 0.5147058823529411,
  "30_0": 0.8382352941176471,
  "31_2": 0.7647058823529411
}