{
  "4_0": 0.22340425531914893,
  "5_0": 0.1276595744680851,
  "6_0": 0.24468085106382978,
  "7_1": 0.0851063829787234,
  "8_0": 0.20212765957446807,
  "9_0": 0.11702127659574468,
  "10_0": 0.1595744680851064,
  "12_1": 0.1595744680851064,
  "14_1": 0.031914893617021274,
  "15_1": 0.031914893617021274,
  "16_0": 0.24468085106382978,
  "17_0": 0.24468085106382978,
  "18_0": 0.2127659574468085,
  "19_0": 0.18085106382978725,
  "20_2": 0.26595744680851063,
  "21_0": 0.2553191489361702,
  "22_1": 0.031914893617021274,
  "23_1": 0.031914893617021274,
  "24_2": 0.2127659574468085,
  "25_1": 0.24468085106382978,
  "26_0": 0.2127659574468085,
  "27_0": -1,
  "28_3": 0.18085106382978725,
  "29_0": -1,
  "30_0": -1,
  "31_2": -1
}