{
  "4_1": 0.3076923076923077,
  "5_2": 0.2097902097902098,
  "6_0": 0.6643356643356644,
  "7_1": 0.23776223776223776,
  "8_2": 0.18181818181818182,
  "9_2": 0.22377622377622378,
  "10_0": 0.5104895104895105,
  "12_1": 0.5174825174825175,
  "14_2": 0.6783216783216783,
  "15_2": 0.7062937062937062,
  "16_1": 0.26573426573426573,
  "17_1": 0.1958041958041958,
  "18_1": 0.1958041958041958,
  "19_2": 0.1888111888111888,
  "20_2": 0.8321678321678322,
  "21_1": 0.2097902097902098,
  "22_2": 0.6643356643356644,
  "23_2": 0.6573426573426573,
  "24_2": 0.6223776223776224,
  "25_1": 0.5804195804195804,
  "26_1": 0.3006993006993007,
  "27_2": 0.16783216783216784,
  "28_3": 0.4405594405594406,
  "29_0": 0.4755244755244755,
  "30_0": 0.6643356643356644,
  "31_2": 0.6573426573426573
}