{
  "4_1": 0.3783783783783784,
  "5_2": 0.16216216216216217,
  "6_0": 0.7972972972972973,
  "7_1": 0.28378378378378377,
  "8_2": 0.10810810810810811,
  "9_2": 0.24324324324324326,
  "10_0": 0.7027027027027027,
  "12_1": -1,
  "14_2": 0.8648648648648649,
  "15_2": 0.8783783783783784,
  "16_1": 0.28378378378378377,
  "17_1": 0.17567567567567569,
  "18_1": 0.21621621621621623,
  "19_2": 0.10810810810810811,
  "20_2": 0.9054054054054054,
  "21_1": 0.25675675675675674,
  "22_2": 0.8648648648648649,
  "23_2": 0.8513513513513513,
  "24_2": 0.6216216216216216,
  "25_1": 0.7027027027027027,
  "26_1": 0.36486486486486486,
  "27_2": 0.10810810810810811,
  "28_3": 0.527027027027027,
  "29_0": 0.4864864864864865,
  "30_0": 0.8243243243243243,
  "31_2": 0.7837837837837838
}