{
  "4_0": 0.6388888888888888,
  "5_0": 0.375,
  "6_0": 0.6805555555555556,
  "7_1": 0.08333333333333333,
  "8_0": 0.5833333333333334,
  "9_0": 0.4166666666666667,
  "10_0": 0.5972222222222222,
  "12_1": 0.5,
  "14_1": 0.041666666666666664,
  "15_1": 0.013888888888888888,
  "16_0": -1,
  "17_0": -1,
  "18_0": -1,
  "19_0": 0.5972222222222222,
  "20_2": 0.7083333333333334,
  "21_0": 0.7361111111111112,
  "22_1": 0.013888888888888888,
  "23_1": 0.041666666666666664,
  "24_2": 0.5138888888888888,
  "25_1": 0.625,
  "26_0": 0.7222222222222222,
  "27_0": 0.6805555555555556,
  "28_3": 0.5138888888888888,
  "29_0": 0.375,
  "30_0": 0.625,
  "31_2": 0.5833333333333334
}