{
  "4_0": 0.6911764705882353,
  "5_0": 0.4117647058823529,
  "6_0": 0.75,
  "7_1": 0.10294117647058823,
  "8_0": 0.6323529411764706,
  "9_0": 0.4411764705882353,
  "10_0": 0.6470588235294118,
  "12_1": 0.5441176470588235,
  "14_1": 0.04411764705882353,
  "15_1": 0.014705882352941176,
  "16_0": -1,
  "17_0": 0.7794117647058824,
  "18_0": -1,
  "19_0": 0.6323529411764706,
  "20_2": 0.7794117647058824,
  "21_0": 0.8088235294117647,
  "22_1": 0.014705882352941176,
  "23_1": 0.04411764705882353,
  "24_2": 0.5588235294117647,
  "25_1": 0.6911764705882353,
  "26_0": 0.7794117647058824,
  "27_0": 0.75,
  "28_3": 0.5735294117647058,
  "29_0": 0.4117647058823529,
  "30_0": 0.6911764705882353,
  "31_2": 0.6470588235294118
}