{
  "4_1": 0.2972972972972973,
  "5_2": 0.16216216216216217,
  "6_0": 0.7432432432432432,
  "7_1": 0.22972972972972974,
  "8_2": 0.08108108108108109,
  "9_2": 0.20270270270270271,
  "10_0": 0.6621621621621622,
  "12_1": -1,
  "14_2": 0.8513513513513513,
  "15_2": -1,
  "16_1": 0.22972972972972974,
  "17_1": 0.14864864864864866,
  "18_1": 0.1891891891891892,
  "19_2": 0.0945945945945946,
  "20_2": 0.7972972972972973,
  "21_1": 0.20270270270270271,
  "22_2": 0.8648648648648649,
  "23_2": 0.8513513513513513,
  "24_2": 0.5135135135135135,
  "25_1": 0.6216216216216216,
  "26_1": 0.3108108108108108,
  "27_2": 0.08108108108108109,
  "28_3": 0.4594594594594595,
  "29_0": 0.40540540540540543,
  "30_0": 0.7297297297297297,
  "31_2": 0.6756756756756757
}