{
  "4_1": 0.13157894736842105,
  "5_0": 0.3815789473684211,
  "6_2": 0.013157894736842105,
  "7_0": -1,
  "8_0": 0.4868421052631579,
  "9_0": 0.40789473684210525,
  "10_0": -1,
  "12_2": 0.05263157894736842,
  "14_3": 0.02631578947368421,
  "15_3": 0.02631578947368421,
  "16_1": 0.013157894736842105,
  "17_0": -1,
  "18_0": 0.5,
  "19_0": 0.5263157894736842,
  "20_2": -1,
  "21_0": -1,
  "22_3": 0.039473684210526314,
  "23_3": 0.02631578947368421,
  "24_4": 0.013157894736842105,
  "25_3": 0.013157894736842105,
  "26_1": 0.039473684210526314,
  "27_0": -1,
  "28_4": 0.013157894736842105,
  "29_2": 0.05263157894736842,
  "30_1": 0.06578947368421052,
  "31_2": 0.39473684210526316
}