{
  "4_0": 0.5294117647058824,
  "5_0": 0.36764705882352944,
  "6_0": 0.7352941176470589,
  "7_1": 0.3088235294117647,
  "8_0": 0.5882352941176471,
  "9_0": 0.2647058823529412,
  "10_0": 0.4852941176470588,
  "12_1": 0.5294117647058824,
  "14_1": 0.058823529411764705,
  "15_1": 0.07352941176470588,
  "16_0": 0.5147058823529411,
  "17_0": 0.5882352941176471,
  "18_0": 0.5735294117647058,
  "19_0": 0.38235294117647056,
  "20_2": 0.8529411764705882,
  "21_0": 0.5441176470588235,
  "22_1": 0.07352941176470588,
  "23_1": 0.058823529411764705,
  "24_2": 0.6764705882352942,
  "25_1": 0.6911764705882353,
  "26_0": 0.47058823529411764,
  "27_0": 0.5588235294117647,
  "28_3": 0.4117647058823529,
  "29_0": -1,
  "30_0": 0.7058823529411765,
  "31_2": 0.6911764705882353
}