{
  "4_1": 0.15789473684210525,
  "5_0": 0.42105263157894735,
  "6_2": 0.013157894736842105,
  "7_0": -1,
  "8_0": 0.5789473684210527,
  "9_0": 0.42105263157894735,
  "10_0": 0.6052631578947368,
  "12_2": 0.06578947368421052,
  "14_3": 0.039473684210526314,
  "15_3": 0.039473684210526314,
  "16_1": 0.02631578947368421,
  "17_0": -1,
  "18_0": 0.5921052631578947,
  "19_0": 0.5921052631578947,
  "20_2": -1,
  "21_0": -1,
  "22_3": 0.05263157894736842,
  "23_3": 0.039473684210526314,
  "24_4": 0.013157894736842105,
  "25_3": 0.013157894736842105,
  "26_1": 0.06578947368421052,
  "27_0": -1,
  "28_4": 0.013157894736842105,
  "29_2": 0.06578947368421052,
  "30_1": 0.07894736842105263,
  "31_2": 0.5
}