{
  "4_0": 0.23529411764705882,
  "5_0": 0.1323529411764706,
  "6_0": 0.23529411764705882,
  "7_1": 0.029411764705882353,
  "8_0": 0.2647058823529412,
  "9_0": -1,
  "10_0": 0.25,
  "12_1": 0.17647058823529413,
  "14_1": 0.014705882352941176,
  "15_1": 0.014705882352941176,
  "16_0": 0.2647058823529412,
  "17_0": 0.2647058823529412,
  "18_0": 0.22058823529411764,
  "19_0": 0.23529411764705882,
  "20_2": 0.2647058823529412,
  "21_0": 0.2647058823529412,
  "22_1": 0.014705882352941176,
  "23_1": 0.014705882352941176,
  "24_2": 0.19117647058823528,
  "25_1": 0.22058823529411764,
  "26_0": 0.2647058823529412,
  "27_0": 0.25,
  "28_3": 0.17647058823529413,
  "29_0": -1,
  "30_0": 0.22058823529411764,
  "31_2": 0.19117647058823528
}