{
  "4_0": 0.44755244755244755,
  "5_0": 0.32867132867132864,
  "6_0": 0.6643356643356644,
  "7_1": 0.23776223776223776,
  "8_0": 0.5384615384615384,
  "9_0": 0.25874125874125875,
  "10_0": 0.5104895104895105,
  "12_1": 0.5174825174825175,
  "14_1": 0.06293706293706294,
  "15_1": 0.055944055944055944,
  "16_0": 0.4755244755244755,
  "17_0": 0.5874125874125874,
  "18_0": 0.5034965034965035,
  "19_0": 0.3706293706293706,
  "20_2": 0.8321678321678322,
  "21_0": 0.5314685314685315,
  "22_1": 0.055944055944055944,
  "23_1": 0.06293706293706294,
  "24_2": 0.6223776223776224,
  "25_1": 0.5804195804195804,
  "26_0": 0.43356643356643354,
  "27_0": 0.5244755244755245,
  "28_3": 0.4405594405594406,
  "29_0": 0.4755244755244755,
  "30_0": 0.6643356643356644,
  "31_2": 0.6573426573426573
}