{
  "ST国华": [
    10.1941,
    9.819457002,
    3.08098678,
    14.61638921,
    0.853836107,
    0.171184951,
    0.515369401,
    -0.895729306,
    130.1795602,
    -226.2564422,
    0.520352973,
    -0.90439092,
    -1.730406373,
    -1.761957259,
    -1.738033542,
    -2.367464592,
    -0.458419831,
    -3.136341695
  ],
  "海量数据": [
    29.2743509,
    28.66876982,
    25.05546181,
    15.53196841,
    0.844680316,
    0.183879843,
    0.418936711,
    0.007567339,
    64.4494969,
    1.16416438,
    0.768734513,
    0.013885808,
    0.017731053,
    0.026802025,
    0.018063204,
    0.02697378,
    0.010301821,
    0.066326562
  ],
  "普元信息": [
    26.12895705,
    25.2550657,
    18.7179967,
    14.28655746,
    0.857134426,
    0.166678144,
    0.568518654,
    0.053807194,
    53.32360678,
    5.046788911,
    0.808589489,
    0.076528591,
    0.094543911,
    0.089650953,
    0.094644553,
    0.093846709,
    0.036245409,
    0.25370292
  ],
  "国新健康": [
    99.81250624,
    99.81133326,
    81.91730368,
    33.97464567,
    0.660253543,
    0.514569683,
    0.587277347,
    -0.411462897,
    22.34086609,
    -15.65263421,
    0.423572889,
    -0.296766986,
    -0.698559319,
    -0.696282714,
    -0.700627905,
    -0.454598613,
    -0.147463239,
    -0.434039091
  ],
  "熙菱信息": [
    2.358164406,
    2.062078632,
    0.945455914,
    51.50483373,
    0.484951663,
    1.062061184,
    0.213605907,
    -0.134232786,
    39.80816639,
    -25.01597992,
    0.292043235,
    -0.183523844,
    -0.627414173,
    -0.587996877,
    -0.628413268,
    -0.427906444,
    -0.085860256,
    -0.166703294
  ],
  "依米康": [
    2.120450969,
    1.465473572,
    0.322283747,
    72.93862959,
    0.270613704,
    2.695304357,
    0.991967443,
    0.013197299,
    7.579109873,
    0.100833729,
    1.010129721,
    0.013438933,
    0.015397515,
    0.020842716,
    0.013304165,
    0.020725498,
    0.010526923,
    0.014432576
  ],
  "纬德信息": [
    6.325527016,
    5.939328332,
    3.043033162,
    17.23852819,
    0.827614717,
    0.208291707,
    0.587901908,
    0.200066115,
    160.5473311,
    54.6351022,
    1.021675355,
    0.347681503,
    0.331908193,
    0.312298167,
    0.340305266,
    0.454039487,
    0.159533688,
    0.92544865
  ]
}