{
  "海量数据": [
    29.2743509,
    28.66876982,
    25.05546181,
    15.53196841,
    0.844680316,
    0.183879843,
    0.418936711,
    0.007567339,
    64.4494969,
    1.16416438,
    0.768734513,
    0.013885808,
    0.017731053,
    0.026802025,
    0.018063204,
    0.02697378,
    0.010301821,
    0.066326562
  ],
  "ST国华": [
    10.1941,
    9.819457002,
    3.08098678,
    14.61638921,
    0.853836107,
    0.171184951,
    0.515369401,
    -0.895729306,
    130.1795602,
    -226.2564422,
    0.520352973,
    -0.90439092,
    -1.730406373,
    -1.761957259,
    -1.738033542,
    -2.367464592,
    -0.458419831,
    -3.136341695
  ],
  "普元信息": [
    26.12895705,
    25.2550657,
    18.7179967,
    14.28655746,
    0.857134426,
    0.166678144,
    0.568518654,
    0.053807194,
    53.32360678,
    5.046788911,
    0.808589489,
    0.076528591,
    0.094543911,
    0.089650953,
    0.094644553,
    0.093846709,
    0.036245409,
    0.25370292
  ],
  "华平股份": [
    5.296391311,
    4.585591226,
    1.236102089,
    32.90352973,
    0.670964703,
    0.490391366,
    0.553137554,
    0.011759984,
    1.369682585,
    0.029120145,
    0.499593331,
    0.010621607,
    0.021020042,
    0.020265551,
    0.021260506,
    0.021786106,
    0.005062267,
    0.015385179
  ],
  "鸥玛软件": [
    8.642221773,
    8.571196156,
    8.155668528,
    11.53227567,
    0.884677244,
    0.130355741,
    0.247431327,
    0.103908725,
    4.426304462,
    1.858825472,
    0.389729507,
    0.163666811,
    0.420059054,
    0.384779014,
    0.419949754,
    0.640990975,
    0.074979881,
    0.650175186
  ],
  "天亿马": [
    11.48848086,
    10.77455176,
    8.443155568,
    18.819312,
    0.81180688,
    0.231820061,
    0.525493866,
    0.070550803,
    99.93066355,
    13.41630985,
    0.926647016,
    0.124408095,
    0.126601859,
    0.119147077,
    0.134256187,
    0.1391541,
    0.055203652,
    0.293335103
  ]
}