{
  "长亮科技": [
    66.14174185,
    45.45320771,
    23.31700314,
    36.64033004,
    0.6335967,
    0.57829105,
    0.962811712,
    0.085067643,
    6.822740641,
    0.602812011,
    1.329676015,
    0.117481334,
    0.088304469,
    0.08024801,
    0.088353353,
    0.087716924,
    0.053351928,
    0.145609848
  ],
  "大智慧": [
    10.71669797,
    10.71568926,
    10.28183005,
    32.28991431,
    0.677100857,
    0.476884854,
    0.485949455,
    0.01552071,
    32.55072652,
    1.039635656,
    0.703265955,
    0.022461568,
    0.031779999,
    0.019604596,
    0.031938939,
    0.019979925,
    0.006893623,
    0.021349152
  ],
  "亚信安全": [
    11.1171982,
    9.497462062,
    7.774079665,
    41.32972138,
    0.586702786,
    0.704440517,
    0.92446422,
    0.117685181,
    50.01116273,
    6.366468941,
    1.33958625,
    0.170530613,
    0.127295942,
    0.107159626,
    0.127300958,
    0.1154494,
    0.071774782,
    0.173663843
  ],
  "汉王科技": [
    6.998636518,
    3.71458405,
    2.836039101,
    19.6043646,
    0.803956354,
    0.243848618,
    1.384020448,
    0.09499548,
    8.226006795,
    0.564611213,
    1.471601574,
    0.101006815,
    0.068319201,
    0.033531419,
    0.068637338,
    0.034982599,
    0.024672444,
    0.125851794
  ],
  "诚迈科技": [
    9.200959044,
    8.512942686,
    3.059144767,
    31.21355854,
    0.687864414,
    0.453774871,
    1.60077292,
    0.045288314,
    12.44852234,
    0.352187734,
    1.633289346,
    0.046208253,
    0.0299265,
    0.0210148,
    0.028291529,
    0.022613689,
    0.017161625,
    0.054981318
  ],
  "科创信息": [
    6.122299703,
    4.563172245,
    2.016780752,
    39.10292269,
    0.608970774,
    0.642114933,
    0.863151003,
    0.0661087,
    7.151886341,
    0.547762685,
    1.197765531,
    0.091736814,
    0.076589303,
    0.077604133,
    0.07658996,
    0.08143571,
    0.046475779,
    0.118855005
  ]
}